{"cameraMode":{"drawMode":0,"name":"Shaded","section":"Shading Mode"},"sceneLighting":true,"audioPlay":false,"sceneViewState":{"m_AlwaysRefresh":false,"showFog":true,"showSkybox":true,"showFlares":true,"showImageEffects":true,"showParticleSystems":true,"showVisualEffectGraphs":true,"m_FxEnabled":true},"in2DMode":false,"pivot":{"x":0.05480837821960449,"y":-0.33385753631591799,"z":2.296970844268799},"rotation":{"x":0.3296240270137787,"y":-0.11501571536064148,"z":0.03736846521496773,"w":0.9373098015785217},"size":2.9660251140594484,"orthographic":false}